{
  "ph": {
    "path": "ph/ph.tif",
    "crs": "EPSG:4326",
    "bounds": {
      "left": 80.06014782697947,
      "bottom": 26.347148874689143,
      "right": 88.20421671680424,
      "top": 30.473110975000047
    },
    "shape": [
      4593,
      8795
    ],
    "dtype": "float32",
    "valid_pixels": 3927195,
    "total_pixels": 40395435,
    "min": 4.283899784088135,
    "max": 8.416580200195312,
    "mean": 6.396322250366211,
    "std": 0.5862147808074951,
    "median": 6.3166399002075195
  },
  "nitrogen": {
    "path": "nitrogen/nitrogen.tif",
    "crs": "EPSG:4326",
    "bounds": {
      "left": 80.06014782697947,
      "bottom": 26.347148874689143,
      "right": 88.20421671680424,
      "top": 30.473110975000047
    },
    "shape": [
      4593,
      8795
    ],
    "dtype": "float32",
    "valid_pixels": 3927195,
    "total_pixels": 40395435,
    "min": 0.025148626416921616,
    "max": 1.118993878364563,
    "mean": 0.12939223647117615,
    "std": 0.05183789134025574,
    "median": 0.11941303312778473
  },
  "phosphorus": {
    "path": "phosphorus/p2o5.tif",
    "crs": "EPSG:4326",
    "bounds": {
      "left": 80.06014782697947,
      "bottom": 26.347148874689143,
      "right": 88.20421671680424,
      "top": 30.473110975000047
    },
    "shape": [
      4593,
      8795
    ],
    "dtype": "float32",
    "valid_pixels": 3927195,
    "total_pixels": 40395435,
    "min": 6.701322078704834,
    "max": 612.0018920898438,
    "mean": 86.26422882080078,
    "std": 56.3516845703125,
    "median": 68.9249267578125
  },
  "potassium": {
    "path": "potassium/k.tif",
    "crs": "EPSG:4326",
    "bounds": {
      "left": 80.06014782697947,
      "bottom": 26.347148874689143,
      "right": 88.20421671680424,
      "top": 30.473110975000047
    },
    "shape": [
      4593,
      8795
    ],
    "dtype": "float32",
    "valid_pixels": 3927195,
    "total_pixels": 40395435,
    "min": 28.793420791625977,
    "max": 2027.720947265625,
    "mean": 273.0362243652344,
    "std": 142.87899780273438,
    "median": 243.64495849609375
  },
  "boron": {
    "path": "boron/boron.tif",
    "crs": "EPSG:4326",
    "bounds": {
      "left": 80.06014782697947,
      "bottom": 26.346912588514343,
      "right": 88.20421671720695,
      "top": 30.473110975000054
    },
    "shape": [
      4223,
      8795
    ],
    "dtype": "float32",
    "valid_pixels": 3629261,
    "total_pixels": 37141285,
    "min": 0.03513000160455704,
    "max": 21.604999542236328,
    "mean": 0.9968149065971375,
    "std": 1.1212466955184937,
    "median": 0.8318899869918823
  },
  "zinc": {
    "path": "zinc/zinc.tif",
    "crs": "EPSG:4326",
    "bounds": {
      "left": 80.06014782697947,
      "bottom": 26.34714887468915,
      "right": 88.20421671680424,
      "top": 30.473110975000054
    },
    "shape": [
      4593,
      8795
    ],
    "dtype": "float32",
    "valid_pixels": 3927195,
    "total_pixels": 40395435,
    "min": 0.02311999909579754,
    "max": 12.6908597946167,
    "mean": 1.2723369598388672,
    "std": 0.7776814699172974,
    "median": 1.222000002861023
  },
  "clay": {
    "path": "clay/clay.tif",
    "crs": "EPSG:4326",
    "bounds": {
      "left": 80.06014782697947,
      "bottom": 26.34714887468915,
      "right": 88.20421671680424,
      "top": 30.473110975000054
    },
    "shape": [
      4593,
      8795
    ],
    "dtype": "float32",
    "valid_pixels": 3927195,
    "total_pixels": 40395435,
    "min": 2.7115399837493896,
    "max": 56.07912063598633,
    "mean": 16.851211547851562,
    "std": 6.495856285095215,
    "median": 15.756340026855469
  },
  "sand": {
    "path": "sand/sand.tif",
    "crs": "EPSG:4326",
    "bounds": {
      "left": 80.06014782697947,
      "bottom": 26.34714887468915,
      "right": 88.20421671680424,
      "top": 30.473110975000054
    },
    "shape": [
      4593,
      8795
    ],
    "dtype": "float32",
    "valid_pixels": 3927195,
    "total_pixels": 40395435,
    "min": 10.211039543151855,
    "max": 87.12689971923828,
    "mean": 43.20152282714844,
    "std": 10.465054512023926,
    "median": 42.8944206237793
  },
  "silt": {
    "path": "slit/slit.tif",
    "crs": "EPSG:4326",
    "bounds": {
      "left": 80.06014782697947,
      "bottom": 26.34714887468915,
      "right": 88.20421671680424,
      "top": 30.473110975000054
    },
    "shape": [
      4593,
      8795
    ],
    "dtype": "float32",
    "valid_pixels": 3927195,
    "total_pixels": 40395435,
    "min": 6.270999908447266,
    "max": 79.06199645996094,
    "mean": 40.321842193603516,
    "std": 9.580412864685059,
    "median": 39.78886032104492
  },
  "organic": {
    "path": "organic/organic.tif",
    "crs": "EPSG:4326",
    "bounds": {
      "left": 80.06014782697947,
      "bottom": 26.347148874689143,
      "right": 88.20421671680424,
      "top": 30.473110975000047
    },
    "shape": [
      4593,
      8795
    ],
    "dtype": "float32",
    "valid_pixels": 3927195,
    "total_pixels": 40395435,
    "min": 0.47558340430259705,
    "max": 8.834217071533203,
    "mean": 2.616513729095459,
    "std": 0.9801861643791199,
    "median": 2.578857183456421
  }
}